metric,i,rtt_ms
ack,0,0.3764
ack,1,0.2575
ack,2,0.2603
ack,3,0.2628
ack,4,0.2481
ack,5,0.2310
ack,6,0.2293
ack,7,0.2327
ack,8,0.2461
ack,9,0.2373
ack,10,0.2162
ack,11,0.2052
ack,12,0.2304
ack,13,0.2470
ack,14,0.2170
ack,15,0.4166
ack,16,0.2443
ack,17,0.2143
ack,18,0.2221
ack,19,0.2385
ack,20,0.2174
ack,21,0.2484
ack,22,0.2371
ack,23,0.2242
ack,24,0.2331
ack,25,0.2488
ack,26,0.2232
ack,27,0.2289
ack,28,0.2455
ack,29,0.2360
ack,30,0.2082
ack,31,0.2321
ack,32,0.1951
ack,33,0.2326
ack,34,0.2305
ack,35,0.2266
ack,36,0.2469
ack,37,0.2406
ack,38,0.2360
ack,39,0.2443
ack,40,0.2035
ack,41,0.2335
ack,42,0.2260
ack,43,0.2460
ack,44,0.2330
ack,45,0.2260
ack,46,0.2259
ack,47,0.2322
ack,48,0.2087
ack,49,0.2346
ack,50,0.2108
ack,51,0.2249
ack,52,0.2051
ack,53,0.2316
ack,54,0.2324
ack,55,0.2033
ack,56,0.2574
ack,57,0.2121
ack,58,0.2208
ack,59,0.2277
ack,60,0.2218
ack,61,0.2504
ack,62,0.2260
ack,63,0.2382
ack,64,0.2210
ack,65,0.2001
ack,66,0.1863
ack,67,0.2179
ack,68,0.2446
ack,69,0.2409
ack,70,0.2676
ack,71,0.2613
ack,72,0.2364
ack,73,0.2250
ack,74,0.2347
ack,75,0.2007
ack,76,0.2312
ack,77,0.2241
ack,78,0.2042
ack,79,0.2063
ack,80,0.2269
ack,81,0.2622
ack,82,0.2199
ack,83,0.2233
ack,84,0.2056
ack,85,0.2107
ack,86,0.2248
ack,87,0.2271
ack,88,0.2275
ack,89,0.2276
ack,90,0.2279
ack,91,0.2544
ack,92,0.2606
ack,93,0.3371
ack,94,0.2937
ack,95,0.2756
ack,96,0.2886
ack,97,0.2728
ack,98,0.2255
ack,99,0.2577
ack,100,0.2356
ack,101,0.2471
ack,102,0.2554
ack,103,0.2502
ack,104,0.2237
ack,105,0.3430
ack,106,0.2411
ack,107,0.2649
ack,108,0.2543
ack,109,0.2360
ack,110,0.2383
ack,111,0.2447
ack,112,0.2484
ack,113,0.2379
ack,114,0.2633
ack,115,0.2528
ack,116,0.2996
ack,117,0.2780
ack,118,0.2306
ack,119,0.2455
ack,120,0.2367
ack,121,0.2351
ack,122,0.2308
ack,123,0.2300
ack,124,0.2470
ack,125,0.2690
ack,126,0.2178
ack,127,0.2231
ack,128,0.2596
ack,129,0.2380
ack,130,0.2667
ack,131,0.2562
ack,132,0.2489
ack,133,0.2602
ack,134,0.2088
ack,135,0.2483
ack,136,0.2548
ack,137,0.2690
ack,138,0.2553
ack,139,0.2447
ack,140,0.2274
ack,141,0.2371
ack,142,0.2536
ack,143,0.2378
ack,144,0.2603
ack,145,0.2614
ack,146,0.2531
ack,147,0.2318
ack,148,0.2533
ack,149,0.2365
ack,150,0.2397
ack,151,0.2439
ack,152,0.2402
ack,153,0.2496
ack,154,0.2215
ack,155,0.2280
ack,156,0.2496
ack,157,0.2296
ack,158,0.2556
ack,159,0.2407
ack,160,0.2232
ack,161,0.2526
ack,162,0.2371
ack,163,0.2452
ack,164,0.2553
ack,165,0.2226
ack,166,0.2822
ack,167,0.2567
ack,168,0.2058
ack,169,0.2313
ack,170,0.2532
ack,171,0.2185
ack,172,0.2315
ack,173,0.2467
ack,174,0.2874
ack,175,0.2466
ack,176,0.2682
ack,177,0.2327
ack,178,0.2358
ack,179,0.2446
ack,180,0.2337
ack,181,0.2396
ack,182,0.2311
ack,183,0.2260
ack,184,0.2511
ack,185,0.2296
ack,186,0.2294
ack,187,0.2264
ack,188,0.2359
ack,189,0.3225
ack,190,0.2484
ack,191,0.2565
ack,192,0.3008
ack,193,0.2807
ack,194,0.2506
ack,195,0.2416
ack,196,0.2634
ack,197,0.2502
ack,198,0.2556
ack,199,0.2347
ack,200,0.2512
ack,201,0.2403
ack,202,0.1979
ack,203,0.2268
ack,204,0.2944
ack,205,0.2748
ack,206,0.2578
ack,207,0.2535
ack,208,0.2542
ack,209,0.2477
ack,210,0.2259
ack,211,0.2575
ack,212,0.2651
ack,213,0.2565
ack,214,0.2561
ack,215,0.2782
ack,216,0.2423
ack,217,0.2568
ack,218,0.2556
ack,219,0.2605
ack,220,0.2593
ack,221,0.2329
ack,222,0.2540
ack,223,0.2612
ack,224,0.2399
ack,225,0.2570
ack,226,0.2500
ack,227,0.2186
ack,228,0.2972
ack,229,0.2606
ack,230,0.2523
ack,231,0.2610
ack,232,0.2503
ack,233,0.2139
ack,234,0.2685
ack,235,0.3014
ack,236,0.2723
ack,237,0.2569
ack,238,0.2465
ack,239,0.2294
ack,240,0.2376
ack,241,0.2499
ack,242,0.2332
ack,243,0.2459
ack,244,0.2347
ack,245,0.2481
ack,246,0.2369
ack,247,0.2371
ack,248,0.2278
ack,249,0.2496
ack,250,0.2306
ack,251,0.2417
ack,252,0.2391
ack,253,0.2717
ack,254,0.3039
ack,255,0.2492
ack,256,0.2278
ack,257,0.2351
ack,258,0.2312
ack,259,0.2407
ack,260,0.2276
ack,261,0.2326
ack,262,0.2352
ack,263,0.2687
ack,264,0.2571
ack,265,0.2357
ack,266,0.2455
ack,267,0.2460
ack,268,0.2414
ack,269,0.2535
ack,270,0.2279
ack,271,0.2470
ack,272,0.2524
ack,273,0.2257
ack,274,0.2325
ack,275,0.2362
ack,276,0.2367
ack,277,0.2319
ack,278,0.2317
ack,279,0.2453
ack,280,0.2321
ack,281,0.2419
ack,282,0.2226
ack,283,0.2412
ack,284,0.2480
ack,285,0.2259
ack,286,0.3283
ack,287,0.2625
ack,288,0.2669
ack,289,0.2497
ack,290,0.3075
ack,291,0.3188
ack,292,0.2988
ack,293,0.2716
ack,294,0.2328
ack,295,0.2969
ack,296,0.2511
ack,297,0.2556
ack,298,0.2428
ack,299,0.2408
ack,300,0.2298
ack,301,0.2330
ack,302,0.2445
ack,303,0.2706
ack,304,0.2368
ack,305,0.2556
ack,306,0.2320
ack,307,0.2475
ack,308,0.2371
ack,309,0.2899
ack,310,0.2513
ack,311,0.2494
ack,312,0.2392
ack,313,0.2464
ack,314,0.2405
ack,315,0.2330
ack,316,0.2493
ack,317,0.2515
ack,318,0.2472
ack,319,0.2391
ack,320,0.2440
ack,321,0.2407
ack,322,0.2451
ack,323,0.2364
ack,324,0.2302
ack,325,0.2273
ack,326,0.2440
ack,327,0.2464
ack,328,0.2450
ack,329,0.2567
ack,330,0.2280
ack,331,0.2254
ack,332,0.2341
ack,333,0.2281
ack,334,0.2611
ack,335,0.2334
ack,336,0.2393
ack,337,0.2553
ack,338,0.2409
ack,339,0.2414
ack,340,0.2826
ack,341,0.2647
ack,342,0.2372
ack,343,0.2380
ack,344,0.2351
ack,345,0.2518
ack,346,0.2356
ack,347,0.2388
ack,348,0.2428
ack,349,0.2505
ack,350,0.2332
ack,351,0.2469
ack,352,0.2443
ack,353,0.2311
ack,354,0.2246
ack,355,0.2326
ack,356,0.2389
ack,357,0.2349
ack,358,0.2408
ack,359,0.2445
ack,360,0.2493
ack,361,0.2386
ack,362,0.2297
ack,363,0.2316
ack,364,0.2378
ack,365,0.2468
ack,366,0.2239
ack,367,0.2304
ack,368,0.2440
ack,369,0.2375
ack,370,0.2460
ack,371,0.2466
ack,372,0.2297
ack,373,0.2322
ack,374,0.2349
ack,375,0.2599
ack,376,0.2326
ack,377,0.2363
ack,378,0.2598
ack,379,0.2401
ack,380,0.2435
ack,381,0.2601
ack,382,0.2753
ack,383,0.3025
ack,384,0.2403
ack,385,0.2496
ack,386,0.2316
ack,387,0.2265
ack,388,0.2500
ack,389,0.2291
ack,390,0.3304
ack,391,0.2981
ack,392,0.2980
ack,393,0.2762
ack,394,0.2860
ack,395,0.2616
ack,396,0.2435
ack,397,0.2717
ack,398,0.2482
ack,399,0.2428
ack,400,0.2310
ack,401,0.2330
ack,402,0.2335
ack,403,0.2678
ack,404,0.2252
ack,405,0.2704
ack,406,0.2683
ack,407,0.2692
ack,408,0.2786
ack,409,0.5828
ack,410,0.6154
ack,411,0.2429
ack,412,0.2404
ack,413,0.2730
ack,414,0.2564
ack,415,0.2157
ack,416,0.2430
ack,417,0.2387
ack,418,0.2206
ack,419,0.2629
ack,420,0.2482
ack,421,0.2218
ack,422,0.2343
ack,423,0.2303
ack,424,0.2986
ack,425,0.2403
ack,426,0.2430
ack,427,0.2589
ack,428,0.2622
ack,429,0.2420
ack,430,0.2634
ack,431,0.2283
ack,432,0.2424
ack,433,0.2463
ack,434,0.2414
ack,435,0.2430
ack,436,0.2470
ack,437,0.3209
ack,438,0.2456
ack,439,0.2429
ack,440,0.2366
ack,441,0.2555
ack,442,0.2543
ack,443,0.2320
ack,444,0.2551
ack,445,0.2332
ack,446,0.2142
ack,447,0.2591
ack,448,0.2399
ack,449,0.2328
ack,450,0.2419
ack,451,0.2377
ack,452,0.2495
ack,453,0.3036
ack,454,0.2435
ack,455,0.2466
ack,456,0.2417
ack,457,0.2241
ack,458,0.4370
ack,459,0.3635
ack,460,0.2350
ack,461,0.2415
ack,462,0.3273
ack,463,0.2800
ack,464,0.2747
ack,465,0.3041
ack,466,0.2853
ack,467,0.3497
ack,468,0.2918
ack,469,0.2479
ack,470,0.2539
ack,471,0.2407
ack,472,0.2384
ack,473,0.2804
ack,474,0.2470
ack,475,0.2548
ack,476,0.2691
ack,477,0.2094
ack,478,0.1986
ack,479,0.3350
ack,480,0.2385
ack,481,0.2682
ack,482,0.2237
ack,483,0.2779
ack,484,0.2783
ack,485,0.2376
ack,486,0.2661
ack,487,0.2646
ack,488,0.2590
ack,489,0.2973
ack,490,0.3052
ack,491,0.2526
ack,492,0.2632
ack,493,0.2472
ack,494,0.2339
ack,495,0.2687
ack,496,0.2240
ack,497,0.2611
ack,498,0.2348
ack,499,0.2498
ack,500,0.2605
ack,501,0.2708
ack,502,0.2418
ack,503,0.3047
ack,504,0.2741
ack,505,0.2466
ack,506,0.2612
ack,507,0.2729
ack,508,0.2292
ack,509,0.2395
ack,510,0.2330
ack,511,0.2592
ack,512,0.2999
ack,513,0.2583
ack,514,0.2316
ack,515,0.2460
ack,516,0.2366
ack,517,0.2410
ack,518,0.2504
ack,519,0.2347
ack,520,0.2290
ack,521,0.2396
ack,522,0.2653
ack,523,0.2389
ack,524,0.2380
ack,525,0.2518
ack,526,0.2515
ack,527,0.2517
ack,528,0.2558
ack,529,0.2409
ack,530,0.2328
ack,531,0.2225
ack,532,0.2440
ack,533,0.2299
ack,534,0.2411
ack,535,0.2248
ack,536,0.2324
ack,537,0.2347
ack,538,0.2515
ack,539,0.2424
ack,540,0.2239
ack,541,0.2249
ack,542,0.2575
ack,543,0.2411
ack,544,0.2496
ack,545,0.2360
ack,546,0.2292
ack,547,0.2292
ack,548,0.2294
ack,549,0.2390
ack,550,0.2621
ack,551,0.2288
ack,552,0.2317
ack,553,0.2513
ack,554,0.2517
ack,555,0.2378
ack,556,0.2229
ack,557,0.2347
ack,558,0.2319
ack,559,0.2406
ack,560,0.2902
ack,561,0.2427
ack,562,0.2545
ack,563,0.2420
ack,564,0.2435
ack,565,0.2453
ack,566,0.2663
ack,567,0.2362
ack,568,0.2281
ack,569,0.2520
ack,570,0.2390
ack,571,0.2234
ack,572,0.2500
ack,573,0.2378
ack,574,0.2473
ack,575,0.2409
ack,576,0.4440
ack,577,0.3199
ack,578,0.2640
ack,579,0.2502
ack,580,0.2542
ack,581,0.2667
ack,582,0.2753
ack,583,0.2572
ack,584,0.2833
ack,585,0.3073
ack,586,0.2534
ack,587,0.2355
ack,588,0.2973
ack,589,0.2741
ack,590,0.2960
ack,591,0.5486
ack,592,0.2525
ack,593,0.2709
ack,594,0.3014
ack,595,0.2445
ack,596,0.2695
ack,597,0.2397
ack,598,0.2464
ack,599,0.2649
ack,600,0.5796
ack,601,0.6673
ack,602,0.6786
ack,603,0.6864
ack,604,0.3213
ack,605,0.2433
ack,606,0.2375
ack,607,0.2203
ack,608,0.2565
ack,609,0.5624
ack,610,0.8354
ack,611,0.6652
ack,612,0.6623
ack,613,0.6661
ack,614,0.3333
ack,615,0.2332
ack,616,0.2217
ack,617,0.2499
ack,618,0.2111
ack,619,0.2238
ack,620,0.2329
ack,621,0.2205
ack,622,0.2257
ack,623,0.2030
ack,624,0.2524
ack,625,0.2207
ack,626,0.2090
ack,627,0.2206
ack,628,0.2241
ack,629,0.5617
ack,630,0.6465
ack,631,0.6625
ack,632,0.6669
ack,633,0.6746
ack,634,0.3264
ack,635,0.2416
ack,636,0.2440
ack,637,0.2248
ack,638,0.2158
ack,639,0.5714
ack,640,0.6697
ack,641,0.6806
ack,642,0.6634
ack,643,0.6779
ack,644,0.3170
ack,645,0.2316
ack,646,0.2146
ack,647,0.2044
ack,648,0.2291
ack,649,0.5908
ack,650,0.6676
ack,651,0.6806
ack,652,0.6918
ack,653,0.3505
ack,654,0.2471
ack,655,0.2334
ack,656,0.2230
ack,657,0.2233
ack,658,0.2111
ack,659,0.5737
ack,660,0.3647
ack,661,0.2844
ack,662,0.2308
ack,663,0.2682
ack,664,0.2548
ack,665,0.2401
ack,666,0.2344
ack,667,0.3365
ack,668,0.2556
ack,669,0.2489
ack,670,0.2286
ack,671,0.6620
ack,672,0.6709
ack,673,0.6591
ack,674,0.6375
ack,675,0.6823
ack,676,0.3133
ack,677,0.2348
ack,678,0.2099
ack,679,0.2406
ack,680,0.2413
ack,681,0.2936
ack,682,0.5783
ack,683,0.6590
ack,684,0.6734
ack,685,0.3124
ack,686,0.3000
ack,687,0.2434
ack,688,0.2293
ack,689,0.2400
ack,690,0.2457
ack,691,0.3074
ack,692,0.2587
ack,693,0.2500
ack,694,0.2589
ack,695,0.2968
ack,696,0.2590
ack,697,0.2331
ack,698,0.2807
ack,699,0.2388
ack,700,0.2262
ack,701,0.2415
ack,702,0.2412
ack,703,0.2463
ack,704,0.2424
ack,705,0.2304
ack,706,0.2390
ack,707,0.2474
ack,708,0.2402
ack,709,0.2469
ack,710,0.2581
ack,711,0.2484
ack,712,0.2552
ack,713,0.2995
ack,714,0.2583
ack,715,0.2370
ack,716,0.2754
ack,717,0.2270
ack,718,0.2541
ack,719,0.2575
ack,720,0.2367
ack,721,0.2467
ack,722,0.2442
ack,723,0.2377
ack,724,0.2408
ack,725,0.2970
ack,726,0.2388
ack,727,0.2648
ack,728,0.2760
ack,729,0.2486
ack,730,0.2525
ack,731,0.2284
ack,732,0.2317
ack,733,0.2330
ack,734,0.2563
ack,735,0.2430
ack,736,0.2284
ack,737,0.2413
ack,738,0.2406
ack,739,0.2491
ack,740,0.2505
ack,741,0.2396
ack,742,0.2224
ack,743,0.2483
ack,744,0.2617
ack,745,0.2729
ack,746,0.2610
ack,747,0.2688
ack,748,0.2310
ack,749,0.2639
ack,750,0.2367
ack,751,0.2344
ack,752,0.2357
ack,753,0.2317
ack,754,0.2410
ack,755,0.2458
ack,756,0.2454
ack,757,0.2423
ack,758,0.2340
ack,759,0.2514
ack,760,0.2339
ack,761,0.2238
ack,762,0.2387
ack,763,0.2265
ack,764,0.2472
ack,765,0.2475
ack,766,0.2455
ack,767,0.2415
ack,768,0.3297
ack,769,0.2609
ack,770,0.2297
ack,771,0.2510
ack,772,0.2417
ack,773,0.2455
ack,774,0.2357
ack,775,0.2538
ack,776,0.3037
ack,777,0.2615
ack,778,0.2538
ack,779,0.2578
ack,780,0.2390
ack,781,0.2358
ack,782,0.2349
ack,783,0.2461
ack,784,0.2381
ack,785,0.3117
ack,786,0.2690
ack,787,0.2428
ack,788,0.2660
ack,789,0.2346
ack,790,0.2411
ack,791,0.2982
ack,792,0.2428
ack,793,0.2504
ack,794,0.2664
ack,795,0.2306
ack,796,0.2318
ack,797,0.2552
ack,798,0.2455
ack,799,0.2371
ack,800,0.2281
ack,801,0.2658
ack,802,0.2297
ack,803,0.2447
ack,804,0.2435
ack,805,0.2408
ack,806,0.2424
ack,807,0.2528
ack,808,0.2314
ack,809,0.2409
ack,810,0.2442
ack,811,0.2493
ack,812,0.2369
ack,813,0.2431
ack,814,0.2468
ack,815,0.2242
ack,816,0.2471
ack,817,0.2515
ack,818,0.2414
ack,819,0.2387
ack,820,0.2423
ack,821,0.2394
ack,822,0.2344
ack,823,0.2465
ack,824,0.2427
ack,825,0.2316
ack,826,0.2281
ack,827,0.2436
ack,828,0.2390
ack,829,0.2507
ack,830,0.2392
ack,831,0.2354
ack,832,0.2342
ack,833,0.2442
ack,834,0.2631
ack,835,0.2336
ack,836,0.2268
ack,837,0.2295
ack,838,0.2376
ack,839,0.2442
ack,840,0.2282
ack,841,0.2847
ack,842,0.2440
ack,843,0.2538
ack,844,0.2616
ack,845,0.2372
ack,846,0.2401
ack,847,0.2389
ack,848,0.2483
ack,849,0.2349
ack,850,0.2336
ack,851,0.2416
ack,852,0.2309
ack,853,0.2436
ack,854,0.2420
ack,855,0.2264
ack,856,0.2361
ack,857,0.2338
ack,858,0.2328
ack,859,0.2382
ack,860,0.2545
ack,861,0.2375
ack,862,0.6744
ack,863,0.5914
ack,864,0.6050
ack,865,0.6123
ack,866,0.2651
ack,867,0.5491
ack,868,0.5941
ack,869,0.5870
ack,870,0.5795
ack,871,0.6026
ack,872,0.5777
ack,873,0.2946
ack,874,0.2643
ack,875,0.2382
ack,876,0.2226
ack,877,0.2089
ack,878,0.2227
ack,879,0.2147
ack,880,0.5361
ack,881,0.5930
ack,882,0.5764
ack,883,0.6299
ack,884,0.2895
ack,885,0.2223
ack,886,0.2302
ack,887,0.2338
ack,888,0.2636
ack,889,0.2208
ack,890,0.2420
ack,891,0.2165
ack,892,0.2062
ack,893,0.2163
ack,894,0.2135
ack,895,0.2178
ack,896,0.5366
ack,897,0.2735
ack,898,0.2325
ack,899,0.2229
ack,900,0.2085
ack,901,0.2151
ack,902,0.2729
ack,903,0.5604
ack,904,0.5730
ack,905,0.5760
ack,906,0.2774
ack,907,0.2470
ack,908,0.2305
ack,909,0.2393
ack,910,0.2341
ack,911,0.2124
ack,912,0.2493
ack,913,0.2177
ack,914,0.2244
ack,915,0.2108
ack,916,0.2314
ack,917,0.2409
ack,918,0.2026
ack,919,0.2126
ack,920,0.2215
ack,921,0.2144
ack,922,0.2191
ack,923,0.2147
ack,924,0.2213
ack,925,0.2124
ack,926,0.2241
ack,927,0.2080
ack,928,0.2268
ack,929,0.2280
ack,930,0.5466
ack,931,0.6292
ack,932,0.5750
ack,933,0.2707
ack,934,0.2421
ack,935,0.2301
ack,936,0.2286
ack,937,0.2744
ack,938,0.5749
ack,939,0.5755
ack,940,0.5782
ack,941,0.2931
ack,942,0.2129
ack,943,0.5573
ack,944,0.6843
ack,945,0.3535
ack,946,0.2484
ack,947,0.2117
ack,948,0.2169
ack,949,0.2602
ack,950,0.2473
ack,951,0.2567
ack,952,0.2445
ack,953,0.2455
ack,954,0.2417
ack,955,0.2373
ack,956,0.2223
ack,957,0.2214
ack,958,0.2226
ack,959,0.2306
ack,960,0.2580
ack,961,0.5924
ack,962,0.6219
ack,963,0.2728
ack,964,0.2490
ack,965,0.3004
ack,966,0.2617
ack,967,0.2463
ack,968,0.2853
ack,969,0.5842
ack,970,0.6129
ack,971,0.6169
ack,972,0.5968
ack,973,0.2669
ack,974,0.2237
ack,975,0.2282
ack,976,0.2294
ack,977,0.2057
ack,978,0.2186
ack,979,0.2104
ack,980,0.2144
ack,981,0.2136
ack,982,0.2502
ack,983,0.2262
ack,984,0.2295
ack,985,0.2485
ack,986,0.2327
ack,987,0.2391
ack,988,0.2346
ack,989,0.2469
ack,990,0.2348
ack,991,0.2247
ack,992,0.2090
ack,993,0.2327
ack,994,0.2156
ack,995,0.2171
ack,996,0.2182
ack,997,0.2133
ack,998,0.2041
ack,999,0.2153
ack,1000,0.5510
ack,1001,0.6032
ack,1002,0.6260
ack,1003,0.5974
ack,1004,0.5965
ack,1005,0.2880
ack,1006,0.2313
ack,1007,0.2199
ack,1008,0.2294
ack,1009,0.2211
ack,1010,0.2108
ack,1011,0.2152
ack,1012,0.2235
ack,1013,0.2438
ack,1014,0.2416
ack,1015,0.2084
ack,1016,0.2237
ack,1017,0.2040
ack,1018,0.2181
ack,1019,0.2106
ack,1020,0.2177
ack,1021,0.2121
ack,1022,0.2286
ack,1023,0.2254
ack,1024,0.2280
ack,1025,0.2169
ack,1026,0.2226
ack,1027,0.2071
ack,1028,0.2200
ack,1029,0.2160
ack,1030,0.2238
ack,1031,0.2130
ack,1032,0.2153
ack,1033,0.2185
ack,1034,0.2837
ack,1035,0.2560
ack,1036,0.2393
ack,1037,0.2395
ack,1038,0.2330
ack,1039,0.2400
ack,1040,0.5800
ack,1041,0.4821
ack,1042,0.6189
ack,1043,0.6006
ack,1044,0.2893
ack,1045,0.2367
ack,1046,0.2381
ack,1047,0.2333
ack,1048,0.2091
ack,1049,0.2374
ack,1050,0.2340
ack,1051,0.2261
ack,1052,0.2235
ack,1053,0.2207
ack,1054,0.2280
ack,1055,0.2231
ack,1056,0.2092
ack,1057,0.2750
ack,1058,0.2453
ack,1059,0.2126
ack,1060,0.2215
ack,1061,0.2320
ack,1062,0.5466
ack,1063,0.6204
ack,1064,0.5937
ack,1065,0.2720
ack,1066,0.5636
ack,1067,0.2962
ack,1068,0.2467
ack,1069,0.2457
ack,1070,0.2477
ack,1071,0.5515
ack,1072,0.2769
ack,1073,0.2373
ack,1074,0.2382
ack,1075,0.2423
ack,1076,0.2134
ack,1077,0.2151
ack,1078,0.2283
ack,1079,0.2366
ack,1080,0.2677
ack,1081,0.2486
ack,1082,0.2377
ack,1083,0.2113
ack,1084,0.2258
ack,1085,0.2044
ack,1086,0.2179
ack,1087,0.2299
ack,1088,0.2508
ack,1089,0.2215
ack,1090,0.2367
ack,1091,0.2129
ack,1092,0.2216
ack,1093,0.2176
ack,1094,0.2142
ack,1095,0.2139
ack,1096,0.2348
ack,1097,0.5720
ack,1098,0.5802
ack,1099,0.5466
ack,1100,0.5995
ack,1101,0.5911
ack,1102,0.5966
ack,1103,0.5973
ack,1104,0.2700
ack,1105,0.2188
ack,1106,0.2528
ack,1107,0.2159
ack,1108,0.2114
ack,1109,0.2129
ack,1110,0.2206
ack,1111,0.2472
ack,1112,0.2341
ack,1113,0.2217
ack,1114,0.2068
ack,1115,0.2136
ack,1116,0.2080
ack,1117,0.2277
ack,1118,0.3521
ack,1119,0.2401
ack,1120,0.5485
ack,1121,0.6077
ack,1122,0.5953
ack,1123,0.5958
ack,1124,0.6084
ack,1125,0.2583
ack,1126,0.2511
ack,1127,0.2477
ack,1128,0.2132
ack,1129,0.2201
ack,1130,0.2736
ack,1131,0.2661
ack,1132,0.2420
ack,1133,0.2429
ack,1134,0.2189
ack,1135,0.2324
ack,1136,0.5820
ack,1137,0.6068
ack,1138,0.6007
ack,1139,0.5983
ack,1140,0.2806
ack,1141,0.2230
ack,1142,0.2294
ack,1143,0.2435
ack,1144,0.2382
ack,1145,0.2197
ack,1146,0.2495
ack,1147,0.2400
ack,1148,0.2212
ack,1149,0.2230
ack,1150,0.2550
ack,1151,0.2381
ack,1152,0.2374
ack,1153,0.2200
ack,1154,0.2372
ack,1155,0.2268
ack,1156,0.2209
ack,1157,0.2140
ack,1158,0.2195
ack,1159,0.2258
ack,1160,0.2099
ack,1161,0.2148
ack,1162,0.2399
ack,1163,0.2291
ack,1164,0.2008
ack,1165,0.2209
ack,1166,0.2302
ack,1167,0.2014
ack,1168,0.2197
ack,1169,0.2226
ack,1170,0.2102
ack,1171,0.2021
ack,1172,0.2353
ack,1173,0.2296
ack,1174,0.2031
ack,1175,0.2104
ack,1176,0.2171
ack,1177,0.2504
ack,1178,0.2466
ack,1179,0.2590
ack,1180,0.2656
ack,1181,0.2500
ack,1182,0.5604
ack,1183,0.5918
ack,1184,0.5980
ack,1185,0.5947
ack,1186,0.2710
ack,1187,0.2473
ack,1188,0.2147
ack,1189,0.2485
ack,1190,0.2161
ack,1191,0.5988
ack,1192,0.5820
ack,1193,0.5863
ack,1194,0.5823
ack,1195,0.5925
ack,1196,0.2625
ack,1197,0.5573
ack,1198,0.5927
ack,1199,0.5923
ack,1200,0.5980
ack,1201,0.2632
ack,1202,0.5580
ack,1203,0.5927
ack,1204,0.6563
ack,1205,0.5912
ack,1206,0.5933
ack,1207,0.2734
ack,1208,0.2577
ack,1209,0.2111
ack,1210,0.2043
ack,1211,0.2547
ack,1212,0.2155
ack,1213,0.2108
ack,1214,0.2160
ack,1215,0.2387
ack,1216,0.2301
ack,1217,0.2124
ack,1218,0.2235
ack,1219,0.2100
ack,1220,0.2134
ack,1221,0.2106
ack,1222,0.2126
ack,1223,0.2131
ack,1224,0.2236
ack,1225,0.2206
ack,1226,0.2817
ack,1227,0.2543
ack,1228,0.2150
ack,1229,0.2106
ack,1230,0.2201
ack,1231,0.2061
ack,1232,0.2231
ack,1233,0.2918
ack,1234,0.2982
ack,1235,0.2265
ack,1236,0.2186
ack,1237,0.2412
ack,1238,0.2198
ack,1239,0.2067
ack,1240,0.2180
ack,1241,0.2104
ack,1242,0.2185
ack,1243,0.2355
ack,1244,0.2269
ack,1245,0.2240
ack,1246,0.2120
ack,1247,0.2228
ack,1248,0.2125
ack,1249,0.2741
ack,1250,0.2302
ack,1251,0.2191
ack,1252,0.2203
ack,1253,0.2487
ack,1254,0.2456
ack,1255,0.2170
ack,1256,0.2306
ack,1257,0.2397
ack,1258,0.2280
ack,1259,0.2366
ack,1260,0.2501
ack,1261,0.2134
ack,1262,0.3636
ack,1263,0.4214
ack,1264,0.2882
ack,1265,0.2471
ack,1266,0.2283
ack,1267,0.2547
ack,1268,0.2524
ack,1269,0.2381
ack,1270,0.2360
ack,1271,0.2403
ack,1272,0.2257
ack,1273,0.2942
ack,1274,0.2388
ack,1275,0.2349
ack,1276,0.2479
ack,1277,0.2475
ack,1278,0.3094
ack,1279,0.2520
ack,1280,0.2406
ack,1281,0.3007
ack,1282,0.2504
ack,1283,0.2348
ack,1284,0.2622
ack,1285,0.2602
ack,1286,0.2498
ack,1287,0.2393
ack,1288,0.2479
ack,1289,0.2059
ack,1290,0.2674
ack,1291,0.2600
ack,1292,0.2399
ack,1293,0.2472
ack,1294,0.2314
ack,1295,0.2548
ack,1296,0.2384
ack,1297,0.2316
ack,1298,0.2518
ack,1299,0.2586
ack,1300,0.2160
ack,1301,0.2733
ack,1302,0.2498
ack,1303,0.2207
ack,1304,0.2377
ack,1305,0.2870
ack,1306,0.2397
ack,1307,0.2732
ack,1308,0.2295
ack,1309,0.2656
ack,1310,0.2480
ack,1311,0.2450
ack,1312,0.2441
ack,1313,0.2346
ack,1314,0.2333
ack,1315,0.2459
ack,1316,0.2546
ack,1317,0.2176
ack,1318,0.2307
ack,1319,0.2562
ack,1320,0.2473
ack,1321,0.2626
ack,1322,0.2277
ack,1323,0.2918
ack,1324,0.2597
ack,1325,0.2425
ack,1326,0.2369
ack,1327,0.2292
ack,1328,0.2412
ack,1329,0.2552
ack,1330,0.2718
ack,1331,0.2233
ack,1332,0.2268
ack,1333,0.2543
ack,1334,0.2335
ack,1335,0.2402
ack,1336,0.2125
ack,1337,0.2596
ack,1338,0.2539
ack,1339,0.2259
ack,1340,0.2625
ack,1341,0.2380
ack,1342,0.2444
ack,1343,0.2599
ack,1344,0.2364
ack,1345,0.2273
ack,1346,0.3539
ack,1347,0.2889
ack,1348,0.2360
ack,1349,0.2514
ack,1350,0.2145
ack,1351,0.2139
ack,1352,0.2104
ack,1353,0.2325
ack,1354,0.2411
ack,1355,0.2624
ack,1356,0.2401
ack,1357,0.2651
ack,1358,0.4467
ack,1359,0.2358
ack,1360,0.2680
ack,1361,0.2571
ack,1362,0.2392
ack,1363,0.2355
ack,1364,0.2302
ack,1365,0.2551
ack,1366,0.2499
ack,1367,0.2170
ack,1368,0.2379
ack,1369,0.2439
ack,1370,0.2712
ack,1371,0.2794
ack,1372,0.2632
ack,1373,0.2368
ack,1374,0.2324
ack,1375,0.2371
ack,1376,0.2357
ack,1377,0.3124
ack,1378,0.2722
ack,1379,0.2666
ack,1380,0.2725
ack,1381,0.2415
ack,1382,0.2564
ack,1383,0.2685
ack,1384,0.2267
ack,1385,0.2329
ack,1386,0.2551
ack,1387,0.2152
ack,1388,0.2314
ack,1389,0.2666
ack,1390,0.2228
ack,1391,0.2784
ack,1392,0.2180
ack,1393,0.2298
ack,1394,0.2506
ack,1395,0.2175
ack,1396,0.2564
ack,1397,0.2725
ack,1398,0.2457
ack,1399,0.2544
ack,1400,0.2346
ack,1401,0.2295
ack,1402,0.2532
ack,1403,0.2239
ack,1404,0.2457
ack,1405,0.2345
ack,1406,0.2485
ack,1407,0.2663
ack,1408,0.2306
ack,1409,0.2450
ack,1410,0.2434
ack,1411,0.2533
ack,1412,0.2174
ack,1413,0.2332
ack,1414,0.2648
ack,1415,0.2397
ack,1416,0.2467
ack,1417,0.2651
ack,1418,0.2609
ack,1419,0.2872
ack,1420,0.2457
ack,1421,0.2686
ack,1422,0.2779
ack,1423,0.2344
ack,1424,0.2387
ack,1425,0.2655
ack,1426,0.2704
ack,1427,0.2486
ack,1428,0.2163
ack,1429,0.2220
ack,1430,0.2138
ack,1431,0.2185
ack,1432,0.2137
ack,1433,0.2184
ack,1434,0.2101
ack,1435,0.2236
ack,1436,0.2113
ack,1437,0.2184
ack,1438,0.2206
ack,1439,0.2082
ack,1440,0.2125
ack,1441,0.2329
ack,1442,0.2359
ack,1443,0.3493
ack,1444,0.2432
ack,1445,0.2375
ack,1446,0.2433
ack,1447,0.2592
ack,1448,0.2123
ack,1449,0.2359
ack,1450,0.2315
ack,1451,0.2264
ack,1452,0.2557
ack,1453,0.2149
ack,1454,0.2217
ack,1455,0.2093
ack,1456,0.2245
ack,1457,0.2292
ack,1458,0.2230
ack,1459,0.2251
ack,1460,0.2296
ack,1461,0.2168
ack,1462,0.2420
ack,1463,0.2415
ack,1464,0.4974
ack,1465,0.2055
ack,1466,0.2546
ack,1467,0.2467
ack,1468,0.2278
ack,1469,0.2298
ack,1470,0.2429
ack,1471,0.2492
ack,1472,0.2178
ack,1473,0.2156
ack,1474,0.2338
ack,1475,0.2168
ack,1476,0.3134
ack,1477,0.2498
ack,1478,0.2322
ack,1479,0.2515
ack,1480,0.2159
ack,1481,0.2113
ack,1482,0.2163
ack,1483,0.2372
ack,1484,0.2275
ack,1485,0.2309
ack,1486,0.2180
ack,1487,0.2225
ack,1488,0.2260
ack,1489,0.2170
ack,1490,0.2150
ack,1491,0.2166
ack,1492,0.2099
ack,1493,0.2024
ack,1494,0.2260
ack,1495,0.2288
ack,1496,0.2265
ack,1497,0.2485
ack,1498,0.2406
ack,1499,0.2177
ack,1500,0.2860
ack,1501,0.2283
ack,1502,0.2377
ack,1503,0.2064
ack,1504,0.2119
ack,1505,0.2247
ack,1506,0.2269
ack,1507,0.2241
ack,1508,0.2174
ack,1509,0.2242
ack,1510,0.2095
ack,1511,0.2183
ack,1512,0.2172
ack,1513,0.2250
ack,1514,0.2090
ack,1515,0.2214
ack,1516,0.2772
ack,1517,0.2266
ack,1518,0.2245
ack,1519,0.2380
ack,1520,0.2467
ack,1521,0.2322
ack,1522,0.2167
ack,1523,0.2490
ack,1524,0.2485
ack,1525,0.2257
ack,1526,0.2168
ack,1527,0.2091
ack,1528,0.2283
ack,1529,0.2439
ack,1530,0.2379
ack,1531,0.2123
ack,1532,0.2178
ack,1533,0.2133
ack,1534,0.2259
ack,1535,0.2220
ack,1536,0.2596
ack,1537,0.2490
ack,1538,0.2212
ack,1539,0.2691
ack,1540,0.3248
ack,1541,0.2522
ack,1542,0.2564
ack,1543,0.2323
ack,1544,0.2655
ack,1545,0.2673
ack,1546,0.2383
ack,1547,0.2380
ack,1548,0.2677
ack,1549,0.3070
ack,1550,0.2540
ack,1551,0.2714
ack,1552,0.2274
ack,1553,0.2415
ack,1554,0.2442
ack,1555,0.2518
ack,1556,0.2505
ack,1557,0.2295
ack,1558,0.2625
ack,1559,0.2699
ack,1560,0.2225
ack,1561,0.2503
ack,1562,0.2568
ack,1563,0.2790
ack,1564,0.2665
ack,1565,0.2863
ack,1566,0.2656
ack,1567,0.2600
ack,1568,0.2703
ack,1569,0.2256
ack,1570,0.2633
ack,1571,0.2299
ack,1572,0.2604
ack,1573,0.2563
ack,1574,0.2529
ack,1575,0.3402
ack,1576,0.2820
ack,1577,0.2263
ack,1578,0.2519
ack,1579,0.2827
ack,1580,0.2340
ack,1581,0.2375
ack,1582,0.2367
ack,1583,0.2394
ack,1584,0.2425
ack,1585,0.2281
ack,1586,0.2503
ack,1587,0.2780
ack,1588,0.2314
ack,1589,0.2684
ack,1590,0.2713
ack,1591,0.2401
ack,1592,0.2467
ack,1593,0.2336
ack,1594,0.2397
ack,1595,0.2316
ack,1596,0.2383
ack,1597,0.2485
ack,1598,0.2467
ack,1599,0.2832
ack,1600,0.2272
ack,1601,0.2379
ack,1602,0.2452
ack,1603,0.3271
ack,1604,0.2693
ack,1605,0.2418
ack,1606,0.2392
ack,1607,0.2406
ack,1608,0.2364
ack,1609,0.2234
ack,1610,0.2038
ack,1611,0.2264
ack,1612,0.2180
ack,1613,0.2563
ack,1614,0.2343
ack,1615,0.2309
ack,1616,0.2531
ack,1617,0.2056
ack,1618,0.2105
ack,1619,0.2831
ack,1620,0.3082
ack,1621,0.2873
ack,1622,0.2856
ack,1623,0.2930
ack,1624,0.3853
ack,1625,0.2458
ack,1626,0.2370
ack,1627,0.2423
ack,1628,0.2148
ack,1629,0.2225
ack,1630,0.2108
ack,1631,0.2325
ack,1632,0.2168
ack,1633,0.2184
ack,1634,0.2401
ack,1635,0.2045
ack,1636,0.3607
ack,1637,0.2585
ack,1638,0.2116
ack,1639,0.2091
ack,1640,0.2600
ack,1641,0.2377
ack,1642,0.2374
ack,1643,0.2118
ack,1644,0.2265
ack,1645,0.2063
ack,1646,0.2510
ack,1647,0.2334
ack,1648,0.2236
ack,1649,0.2048
ack,1650,0.2215
ack,1651,0.2153
ack,1652,0.2230
ack,1653,0.2180
ack,1654,0.2239
ack,1655,0.2093
ack,1656,0.2136
ack,1657,0.2109
ack,1658,0.2257
ack,1659,0.2076
ack,1660,0.2403
ack,1661,0.2375
ack,1662,0.2379
ack,1663,0.2098
ack,1664,0.2234
ack,1665,0.2131
ack,1666,0.2105
ack,1667,0.2205
ack,1668,0.2049
ack,1669,0.2551
ack,1670,0.2401
ack,1671,0.2330
ack,1672,0.2452
ack,1673,0.2176
ack,1674,0.4725
ack,1675,0.2853
ack,1676,0.2615
ack,1677,0.2604
ack,1678,0.2301
ack,1679,0.2573
ack,1680,0.2733
ack,1681,0.2317
ack,1682,0.2301
ack,1683,0.2272
ack,1684,0.2037
ack,1685,0.2169
ack,1686,0.2494
ack,1687,0.2086
ack,1688,0.2081
ack,1689,0.2221
ack,1690,0.2187
ack,1691,0.2304
ack,1692,0.2056
ack,1693,0.2354
ack,1694,0.2032
ack,1695,0.2160
ack,1696,0.2220
ack,1697,0.2341
ack,1698,0.2067
ack,1699,0.2291
ack,1700,0.2210
ack,1701,0.2041
ack,1702,0.2198
ack,1703,0.2112
ack,1704,0.2394
ack,1705,0.2236
ack,1706,0.2205
ack,1707,0.2126
ack,1708,0.2123
ack,1709,0.2250
ack,1710,0.2470
ack,1711,0.2324
ack,1712,0.2178
ack,1713,0.2179
ack,1714,0.2142
ack,1715,0.2368
ack,1716,0.2198
ack,1717,0.2093
ack,1718,0.2230
ack,1719,0.2166
ack,1720,0.2217
ack,1721,0.2055
ack,1722,0.2498
ack,1723,0.2247
ack,1724,0.2122
ack,1725,0.2441
ack,1726,0.2180
ack,1727,0.2049
ack,1728,0.2188
ack,1729,0.2193
ack,1730,0.2372
ack,1731,0.1996
ack,1732,0.2135
ack,1733,0.3432
ack,1734,0.2243
ack,1735,0.2410
ack,1736,0.2103
ack,1737,0.2247
ack,1738,0.1997
ack,1739,0.2576
ack,1740,0.2289
ack,1741,0.2306
ack,1742,0.2099
ack,1743,0.2995
ack,1744,0.2726
ack,1745,0.2278
ack,1746,0.2895
ack,1747,0.2261
ack,1748,0.2054
ack,1749,0.2350
ack,1750,0.2111
ack,1751,0.2212
ack,1752,0.2092
ack,1753,0.2164
ack,1754,0.2434
ack,1755,0.2214
ack,1756,0.2152
ack,1757,0.2540
ack,1758,0.2447
ack,1759,0.2190
ack,1760,0.2384
ack,1761,0.2043
ack,1762,0.2283
ack,1763,0.2418
ack,1764,0.2460
ack,1765,0.1997
ack,1766,0.2262
ack,1767,0.2384
ack,1768,0.2263
ack,1769,0.2302
ack,1770,0.2202
ack,1771,0.2113
ack,1772,0.2141
ack,1773,0.2441
ack,1774,0.3091
ack,1775,0.2475
ack,1776,0.2451
ack,1777,0.2779
ack,1778,0.2463
ack,1779,0.2833
ack,1780,0.2745
ack,1781,0.2293
ack,1782,0.2491
ack,1783,0.2818
ack,1784,0.2412
ack,1785,0.2486
ack,1786,0.3104
ack,1787,0.2214
ack,1788,0.2409
ack,1789,0.2462
ack,1790,0.2516
ack,1791,0.2647
ack,1792,0.2471
ack,1793,0.2341
ack,1794,0.2670
ack,1795,0.2475
ack,1796,0.2517
ack,1797,0.2772
ack,1798,0.2351
ack,1799,0.2508
ack,1800,0.2642
ack,1801,0.2352
ack,1802,0.2354
ack,1803,0.2498
ack,1804,0.2513
ack,1805,0.2339
ack,1806,0.2417
ack,1807,0.2768
ack,1808,0.2497
ack,1809,0.2435
ack,1810,0.2453
ack,1811,0.2530
ack,1812,0.2281
ack,1813,0.2643
ack,1814,0.2890
ack,1815,0.2369
ack,1816,0.2500
ack,1817,0.2408
ack,1818,0.2310
ack,1819,0.2448
ack,1820,0.2270
ack,1821,0.2840
ack,1822,0.2557
ack,1823,0.2273
ack,1824,0.2540
ack,1825,0.2485
ack,1826,0.2364
ack,1827,0.2643
ack,1828,0.2684
ack,1829,0.2297
ack,1830,0.3548
ack,1831,0.2498
ack,1832,0.2240
ack,1833,0.2197
ack,1834,0.2555
ack,1835,0.2435
ack,1836,0.2162
ack,1837,0.2078
ack,1838,0.2265
ack,1839,0.2279
ack,1840,0.2424
ack,1841,0.2328
ack,1842,0.2151
ack,1843,0.2137
ack,1844,0.2233
ack,1845,0.2176
ack,1846,0.2255
ack,1847,0.2144
ack,1848,0.2204
ack,1849,0.2196
ack,1850,0.2226
ack,1851,0.2105
ack,1852,0.2170
ack,1853,0.2269
ack,1854,0.2385
ack,1855,0.2144
ack,1856,0.2442
ack,1857,0.2277
ack,1858,0.2318
ack,1859,0.2452
ack,1860,0.2425
ack,1861,0.2187
ack,1862,0.2189
ack,1863,0.2264
ack,1864,0.2201
ack,1865,0.2299
ack,1866,0.2053
ack,1867,0.2238
ack,1868,0.2343
ack,1869,0.2409
ack,1870,0.2416
ack,1871,0.2244
ack,1872,0.2509
ack,1873,0.2970
ack,1874,0.2253
ack,1875,0.2479
ack,1876,0.2220
ack,1877,0.2272
ack,1878,0.2454
ack,1879,0.2659
ack,1880,0.2330
ack,1881,0.2317
ack,1882,0.2110
ack,1883,0.2250
ack,1884,0.2684
ack,1885,0.2520
ack,1886,0.2324
ack,1887,0.2177
ack,1888,0.2302
ack,1889,0.2194
ack,1890,0.2196
ack,1891,0.2039
ack,1892,0.2284
ack,1893,0.2203
ack,1894,0.2270
ack,1895,0.2168
ack,1896,0.2255
ack,1897,0.2110
ack,1898,0.2269
ack,1899,0.2086
ack,1900,0.2240
ack,1901,0.2185
ack,1902,0.2240
ack,1903,0.2312
ack,1904,0.2405
ack,1905,0.2482
ack,1906,0.2210
ack,1907,0.2078
ack,1908,0.2099
ack,1909,0.2164
ack,1910,0.2255
ack,1911,0.2418
ack,1912,0.2305
ack,1913,0.2293
ack,1914,0.2273
ack,1915,0.2200
ack,1916,0.2489
ack,1917,0.2305
ack,1918,0.2468
ack,1919,0.2178
ack,1920,0.2029
ack,1921,0.2183
ack,1922,0.2301
ack,1923,0.2236
ack,1924,0.2212
ack,1925,0.2305
ack,1926,0.2146
ack,1927,0.3271
ack,1928,0.2293
ack,1929,0.3382
ack,1930,0.2284
ack,1931,0.2520
ack,1932,0.2151
ack,1933,0.2291
ack,1934,0.2136
ack,1935,0.2313
ack,1936,0.2461
ack,1937,0.2352
ack,1938,0.2316
ack,1939,0.2365
ack,1940,0.2105
ack,1941,0.2269
ack,1942,0.2251
ack,1943,0.2269
ack,1944,0.2149
ack,1945,0.2268
ack,1946,0.2123
ack,1947,0.2157
ack,1948,0.2128
ack,1949,0.2166
ack,1950,0.2201
ack,1951,0.2492
ack,1952,0.2371
ack,1953,0.2469
ack,1954,0.2298
ack,1955,0.2089
ack,1956,0.2267
ack,1957,0.2159
ack,1958,0.2500
ack,1959,0.2412
ack,1960,0.3051
ack,1961,0.2661
ack,1962,0.2426
ack,1963,0.2414
ack,1964,0.2289
ack,1965,0.2094
ack,1966,0.2275
ack,1967,0.2051
ack,1968,0.2294
ack,1969,0.2170
ack,1970,0.2267
ack,1971,0.2239
ack,1972,0.3034
ack,1973,0.2313
ack,1974,0.2596
ack,1975,0.2308
ack,1976,0.2251
ack,1977,0.2132
ack,1978,0.2283
ack,1979,0.2335
ack,1980,0.2241
ack,1981,0.2238
ack,1982,0.2236
ack,1983,0.2187
ack,1984,0.2226
ack,1985,0.2173
ack,1986,0.2311
ack,1987,0.2324
ack,1988,0.2221
ack,1989,0.2019
ack,1990,0.2147
ack,1991,0.2325
ack,1992,0.2123
ack,1993,0.2319
ack,1994,0.2138
ack,1995,0.2177
ack,1996,0.2160
ack,1997,0.2249
ack,1998,0.2138
ack,1999,0.2284
